序号,批次,梗名/原句,出处平台,大概走红时间,来龙去脉,典型用法/例句,为啥火（判断）,题材标签,原始链接,核实状态
1,第1批-西游记专题,你是猴子请来的救兵吗？（衍生：你是猴子请来的逗比吗）,86版《西游记》→AcFun评论区→全网,86版1986年播出；AcFun时期走红（具体年份未考），至今常用,86版第14集红孩儿见观音时的台词（原著第42回为“你是孙行者请来的救兵么”）；AcFun文章区管理员昵称“猴子”，网友借此调侃来劝架的人，后变成“猴子请来的逗比”。,朋友帮倒忙时：“你是猴子请来的救兵吗？”,判断：自带‘猴子’主语+反派嘴硬即被打脸的反差，适合任何‘来帮忙却添乱’场景。,西游记/影视名场面/反差,https://www.baike.com/wikiid/1872739686410862989,已核
2,第1批-西游记专题,大师兄！师父被妖怪抓走了！（二师兄/师父和二师兄都被抓走了）,86版《西游记》电视剧→段子/表情包,长期经典,沙僧口语化求救台词源自86版电视剧改编，原著并无此原句；网友调侃沙僧‘全剧只有这几句台词’。,遇到麻烦第一时间喊人：“大师兄，老板又被客户抓走了！”,判断：极简重复句式+角色‘工具人’人设，天然适合复读、改词和连载漫画的固定开场。,西游记/影视名场面/复读梗,https://www.xunmei365.com/keji/3822535.html,已核
3,第1批-西游记专题,吃吃吃，你就知道吃，烦死了（孙悟空表情包）,《西游记》续集→表情包→微博/抖音,长期流行；2025年9月六小龄童公开回应,出自续集孙悟空吐槽猪八戒只顾吃饭的片段；2025-09-15六小龄童在杭州被问及时说“大家能一乐挺好的”。,朋友又点外卖：“吃吃吃，你就知道吃，烦死了！”,判断：暴躁猴哥+贪吃八戒的经典组合，情绪浓、字少，是现成的表情包模板。,西游记/饮食/表情包,https://news.qq.com/rain/a/20250917A07HY900,已核
4,第1批-西游记专题,大王叫我来巡山,电影《万万没想到：西游篇》片尾曲→贾乃亮甜馨翻唱走红,2015年,赵英俊为电影创作的歌；化用《西游记》狮驼岭小钻风巡山情节，甜馨跑调式演唱让它成了卖萌神曲。,领导让去查岗：“大王叫我来巡山~”,判断：小妖视角的‘打工人’自嘲+洗脑旋律，天生适合短视频BGM。,西游记/音乐/打工人,https://baike.so.com/doc/7646547-24644408.html,已核
5,第1批-西游记专题,问了吗？（通天河老鼋：果曾问否）,86版《西游记》→B站/游戏圈,2024-2025年,老鼋托唐僧问如来自己何时脱壳成人，唐僧忘了，老鼋把师徒掀入河中成第八十一难；玩家用它催《黑神话：悟空》Xbox版，后泛指催官方兑现承诺。,答应的事没办：“问了吗？”（配老鼋图）,判断：‘你答应我的事呢’是全民痛点，古典名场面配现代催更，反差强。,西游记/游戏/催更,https://zh.moegirl.org.cn/%E9%97%AE%E4%BA%86%E5%90%97%EF%BC%9F,已核
6,第1批-西游记专题,那个人样子好怪……他好像一条狗啊,周星驰电影《大话西游之大圣娶亲》,1995年上映，网络时代反复翻红,片尾夕阳武士望着孙悟空背影说出；网传化用周星驰早年被李修贤骂‘像条狗一样卖力’，导演刘镇伟另有说法。,加班到深夜自拍：“那个人样子好怪，他好像一条狗啊。”,判断：笑中带泪的自嘲，完美契合‘卑微打工/卑微恋爱’情绪。,西游记/影视名场面/情感,https://www.163.com/dy/article/CVE96DUC0517IKK3.html,已核
7,第1批-西游记专题,你想要啊？悟空，你要是想要的话你就说话嘛……（唐僧话痨）,周星驰电影《大话西游之月光宝盒》,1995年上映，长期流行,罗家英饰演的唐僧对着悟空碎碎念，悟空忍无可忍一拳打倒唐僧。,朋友犹豫要不要最后一块鸡：“你想要啊？你想要你就说嘛……”,判断：‘话痨唐僧vs暴躁猴’是现成的双人喜剧结构，可无限套用。,西游记/影视名场面/话痨,https://zh.wikiquote.org/zh-cn/%E5%A4%A7%E8%A9%B1%E8%A5%BF%E9%81%8A,已核
8,第1批-西游记专题,曾经有一份真诚的爱情放在我面前，我没有珍惜……如果非要加一个期限，我希望是一万年,周星驰电影《大话西游》,1995年上映，万能句式常年被改,至尊宝经典台词，网友替换‘爱情’为任何东西（末班车、外卖、工资）造句。,“曾经有一份烤冷面放在我面前，我没有珍惜……”,判断：固定句式+可替换名词，是造句类UGC的母版。,西游记/影视名场面/情感/句式梗,https://zh.wikiquote.org/zh-cn/%E5%A4%A7%E8%A9%B1%E8%A5%BF%E9%81%8A,已核
9,第1批-西游记专题,我的意中人是个盖世英雄，有一天他会踩着七色云彩来娶我；我猜中了开头，却猜不中这结局,周星驰电影《大话西游之大圣娶亲》,1995年上映，长期流行,紫霞仙子片尾台词，被用于表达爱情遗憾，也常被反讽改写。,“我猜中了开头（买彩票），却猜不中这结局（没中）。”,判断：浪漫与宿命感兼具，可正用可反讽，适合情感向文案。,西游记/情感/影视名场面,https://zhidao.baidu.com/question/1967012275498608340.html,已核
10,第1批-西游记专题,六学（一生俯首学六学 / 文体两开花）,微博/B站/贴吧,2016年猴年春晚风波起，2017-2018年成体系,围绕六小龄童言行形成的调侃黑话体系，2018年‘文体两开花’句式最流行。,（黑话式调侃，建议谨慎使用）,判断：梗体系庞大、圈层黑话感强；涉及真人争议，做IP时建议只观察不直接用。,西游记/真人梗/黑话,https://zh.moegirl.org.cn/%E5%85%AD%E5%AD%A6,已核
11,第1批-西游记专题,猴赛雷（猴腮雷）,微博/全网（2016央视春晚吉祥物“康康”）,2016年1月,粤语‘好犀利’谐音；春晚吉祥物康康脸颊有两个球，网友戏称‘猴腮雷’，设计方回应是吃多了鼓起的腮帮子。,看到造型奇特的猴子周边：“猴赛雷！”,判断：猴年+谐音+吐槽丑萌，丑萌也是一种记忆点。,西游记/谐音梗/节日/猴,https://www.thepaper.cn/newsDetail_forward_1423551,已核
12,第1批-西游记专题,吗喽的命也是命,抖音/微博（两广方言‘吗喽’=猴子）,2023年初起源，2023年9月表情包爆火,2023年初网友狂催广西砂糖橘上市，广西人自嘲‘马喽的命也是命’=别催了在忙了；后成打工人/学生党自嘲符号。,“别催了，吗喽的命也是命！”,判断：猴子=卑微打工人的自嘲意象，是‘猴IP’最直接可借的情绪资产。,西游记/猴/打工人/自嘲,https://baike.baidu.com/item/%E5%90%97%E5%96%BD%E7%9A%84%E5%91%BD%E4%B9%9F%E6%98%AF%E5%91%BD/63411601,已核
13,第1批-西游记专题,你喜欢的是齐天大圣，而我只是吗喽,抖音/微博 吗喽文学,2023年,‘吗喽文学’衍生句，用齐天大圣与普通吗喽的落差形容爱情里的卑微。,“你喜欢的是齐天大圣，而我只是吗喽。”,判断：直接把‘齐天大圣vs吗喽’做成反差，对西游猴IP是天然的人设张力。,西游记/猴/情感/反差,https://news.qq.com/rain/a/20231215A03UTX00,已核
14,第1批-西游记专题,斯密吗喽,抖音/微博 吗喽表情包,2023年,日语‘斯密马赛（不好意思）’+吗喽的变体，被称为‘卑中卑’的道歉。,迟到进群：“斯密吗喽~”,判断：外语谐音+卑微猴，轻量道歉场景很好用。,猴/谐音梗/自嘲,https://news.qq.com/rain/a/20231215A03UTX00,已核
15,第1批-西游记专题,踏上取经路，比抵达灵山更重要,《黑神话：悟空》游戏科学CEO冯骥采访→全网,2024年8月,冯骥在采访中的金句，后被广泛用于励志与过程论语境。,考试没考好：“踏上取经路，比抵达灵山更重要。”,判断：西游意象+当代奋斗叙事，可正经可反讽。,西游记/游戏/励志,https://www.digitaling.com/articles/1242408.html,已核
16,第1批-西游记专题,广智救我！,B站热搜/Reddit（《黑神话：悟空》）,2024年8月,游戏第一个可用变身‘广智’有独立血条、伤害高，玩家危急时变身救场，戏称游戏为《黑神话：广智》，梗传到外网。,打不过就喊：“广智救我！”,判断：‘关键时刻靠外挂’的求救句式，适合反差喜剧。,西游记/游戏/求救,https://www.gamersky.com/news/202408/1807580.shtml,已核
17,第1批-西游记专题,天命人 / 哪有什么天命人,《黑神话：悟空》→全网,2024年,玩家扮演的角色叫‘天命人’，宣传语与台词被网友广泛引用，‘天命人’也成玩家自称。,“今天的天命人上线打卡了。”,判断：身份标签感强，便于粉丝自称和社群认同。,西游记/游戏/身份标签,https://tidenews.com.cn/news.html?id=2878542,已核
18,第1批-西游记专题,来没来？如来（如来到底来没来）,B站鬼畜/梗曲,约2021年前后（具体年份待确）,源自一段关于‘如来’定义的讲座视频，因解释绕口被网友当成废话文学恶搞，B站有同名梗曲。,等人半天：“他到底来没来？如来。”,判断：佛教名词+废话文学的谐音双关，适合西游宇宙里的神佛吐槽。,西游记/谐音梗/废话文学,https://zh.moegirl.org.cn/zh-hans/%E6%9D%A5%E6%B2%A1%E6%9D%A5%EF%BC%8C%E5%A6%82%E6%9D%A5,已核
19,第1批-西游记专题,大唐Gang（东土大唐说唱厂牌）,B站鬼畜（UP主倒悬的橘子）,2021年,用86版《西游记》素材做的鬼畜说唱，师徒四人化身rapper，八戒段落最出圈，唢呐采样《云宫迅音》。,“你那叫说唱厂牌吗？我们大唐Gang……”,判断：老IP+新潮说唱的混搭反差，证明西游人物做‘街头人设’很成立。,西游记/B站/鬼畜/说唱,https://www.jiemian.com/article/5610981.html,已核
20,第1批-西游记专题,猴哥猴哥，你真了不得（《猴哥》）,1999年动画《西游记》片头曲→鬼畜/短视频二创,1999年发行，网络时代常被二创,张伟进演唱，旋律极强，被大量用于怀旧和鬼畜视频。,夸人办事利索：“猴哥猴哥你真了不得！”,判断：80/90后童年BGM，一开口就有记忆点。,西游记/音乐/怀旧,https://baike.baidu.com/item/%E7%8C%B4%E5%93%A5/9820788,已核
21,第1批-西游记专题,急急如律令 → quickly quickly biu biu biu,微博/抖音（《哪吒之魔童闹海》）,2025年2月,网友恶搞‘急急如律令’的英文翻译为biu biu biu，片方/媒体回应海外字幕并非如此。,催人：“急急如律令，quickly quickly biu biu biu！”,判断：中式咒语+土味英语的反差，神话IP通用。,神话/谐音梗/影视,https://www.thepaper.cn/newsDetail_forward_30134909,已核
22,第1批-西游记专题,我命由我不由天 → 我命由我不由甲方,微博/抖音（《哪吒》系列）,2019年起，2025年《哪吒2》再火,哪吒电影名句‘我命由我不由天’的职场戏仿，将‘天’换成‘甲方’，设计/创意圈吐槽改稿时常用；原句出处明确（道教典籍+2019哪吒电影），但‘甲方’版具体首发帖仍未找到足够权威的新闻/榜单锚定，故维持待核（第3批补充原句百科）。,改稿第八版：“我命由我不由甲方！”,判断：神话反叛精神+打工人怨气，改写门槛低。,神话/打工人/句式梗,https://www.juzikong.com/post/037b9ce6-4234-403f-8f24-4d854a3f62ae ; 补充来源(第3批): https://baike.baidu.com/item/%E6%88%91%E5%91%BD%E7%94%B1%E6%88%91%E4%B8%8D%E7%94%B1%E5%A4%A9/65400254,待核
